FacilityName,Hours,TAT,Footfalls
Bliss Medical Centre Kabarnet,12am,0.0,0.0
Bliss Medical Centre Kabarnet,1am,0.0,0.0
Bliss Medical Centre Kabarnet,2am,0.0,0.0
Bliss Medical Centre Kabarnet,3am,0.0,0.0
Bliss Medical Centre Kabarnet,4am,0.0,0.0
Bliss Medical Centre Kabarnet,5am,0.0,0.0
Bliss Medical Centre Kabarnet,6am,0.0,0.0
Bliss Medical Centre Kabarnet,7am,0.0,0.0
Bliss Medical Centre Kabarnet,8am,0.0,0.0
Bliss Medical Centre Kabarnet,9am,31.11,36.0
Bliss Medical Centre Kabarnet,10am,36.91,65.0
Bliss Medical Centre Kabarnet,11am,46.96,77.0
Bliss Medical Centre Kabarnet,12pm,47.68,105.0
Bliss Medical Centre Kabarnet,1pm,61.74,111.0
Bliss Medical Centre Kabarnet,2pm,67.15,100.0
Bliss Medical Centre Kabarnet,3pm,59.83,109.0
Bliss Medical Centre Kabarnet,4pm,52.11,106.0
Bliss Medical Centre Kabarnet,5pm,43.64,121.0
Bliss Medical Centre Kabarnet,6pm,41.15,20.0
Bliss Medical Centre Kabarnet,7pm,0.0,0.0
Bliss Medical Centre Kabarnet,8pm,0.0,0.0
Bliss Medical Centre Kabarnet,9pm,0.0,0.0
Bliss Medical Centre Kabarnet,10pm,0.0,0.0
Bliss Medical Centre Kabarnet,11pm,0.0,0.0
Bliss Medical Centre Zion Mall,12am,0.0,0.0
Bliss Medical Centre Zion Mall,1am,0.0,0.0
Bliss Medical Centre Zion Mall,2am,0.0,0.0
Bliss Medical Centre Zion Mall,3am,0.0,0.0
Bliss Medical Centre Zion Mall,4am,0.0,0.0
Bliss Medical Centre Zion Mall,5am,0.0,0.0
Bliss Medical Centre Zion Mall,6am,0.0,0.0
Bliss Medical Centre Zion Mall,7am,0.0,0.0
Bliss Medical Centre Zion Mall,8am,18.89,9.0
Bliss Medical Centre Zion Mall,9am,30.22,46.0
Bliss Medical Centre Zion Mall,10am,38.18,76.0
Bliss Medical Centre Zion Mall,11am,44.7,122.0
Bliss Medical Centre Zion Mall,12pm,52.35,164.0
Bliss Medical Centre Zion Mall,1pm,56.26,152.0
Bliss Medical Centre Zion Mall,2pm,57.14,135.0
Bliss Medical Centre Zion Mall,3pm,63.49,154.0
Bliss Medical Centre Zion Mall,4pm,58.76,140.0
Bliss Medical Centre Zion Mall,5pm,54.9,129.0
Bliss Medical Centre Zion Mall,6pm,48.77,77.0
Bliss Medical Centre Zion Mall,7pm,54.58,40.0
Bliss Medical Centre Zion Mall,8pm,29.75,8.0
Bliss Medical Centre Zion Mall,9pm,0.0,0.0
Bliss Medical Centre Zion Mall,10pm,0.0,0.0
Bliss Medical Centre Zion Mall,11pm,0.0,0.0
Bliss Medical Centre Iten,12am,0.0,0.0
Bliss Medical Centre Iten,1am,0.0,0.0
Bliss Medical Centre Iten,2am,0.0,0.0
Bliss Medical Centre Iten,3am,0.0,0.0
Bliss Medical Centre Iten,4am,0.0,0.0
Bliss Medical Centre Iten,5am,0.0,0.0
Bliss Medical Centre Iten,6am,0.0,0.0
Bliss Medical Centre Iten,7am,0.0,0.0
Bliss Medical Centre Iten,8am,0.0,0.0
Bliss Medical Centre Iten,9am,25.6,5.0
Bliss Medical Centre Iten,10am,35.15,34.0
Bliss Medical Centre Iten,11am,42.84,73.0
Bliss Medical Centre Iten,12pm,40.55,77.0
Bliss Medical Centre Iten,1pm,55.64,59.0
Bliss Medical Centre Iten,2pm,55.98,53.0
Bliss Medical Centre Iten,3pm,63.04,56.0
Bliss Medical Centre Iten,4pm,68.17,76.0
Bliss Medical Centre Iten,5pm,52.18,66.0
Bliss Medical Centre Iten,6pm,60.6,15.0
Bliss Medical Centre Iten,7pm,0.0,0.0
Bliss Medical Centre Iten,8pm,0.0,0.0
Bliss Medical Centre Iten,9pm,0.0,0.0
Bliss Medical Centre Iten,10pm,0.0,0.0
Bliss Medical Centre Iten,11pm,0.0,0.0
Bliss Medical Centre Eldama Ravine,12am,0.0,0.0
Bliss Medical Centre Eldama Ravine,1am,0.0,0.0
Bliss Medical Centre Eldama Ravine,2am,0.0,0.0
Bliss Medical Centre Eldama Ravine,3am,0.0,0.0
Bliss Medical Centre Eldama Ravine,4am,0.0,0.0
Bliss Medical Centre Eldama Ravine,5am,0.0,0.0
Bliss Medical Centre Eldama Ravine,6am,0.0,0.0
Bliss Medical Centre Eldama Ravine,7am,0.0,0.0
Bliss Medical Centre Eldama Ravine,8am,0.0,0.0
Bliss Medical Centre Eldama Ravine,9am,21.67,15.0
Bliss Medical Centre Eldama Ravine,10am,32.18,38.0
Bliss Medical Centre Eldama Ravine,11am,48.6,62.0
Bliss Medical Centre Eldama Ravine,12pm,44.0,69.0
Bliss Medical Centre Eldama Ravine,1pm,51.1,72.0
Bliss Medical Centre Eldama Ravine,2pm,60.64,80.0
Bliss Medical Centre Eldama Ravine,3pm,47.33,60.0
Bliss Medical Centre Eldama Ravine,4pm,46.25,56.0
Bliss Medical Centre Eldama Ravine,5pm,42.82,62.0
Bliss Medical Centre Eldama Ravine,6pm,36.32,19.0
Bliss Medical Centre Eldama Ravine,7pm,0.0,0.0
Bliss Medical Centre Eldama Ravine,8pm,0.0,0.0
Bliss Medical Centre Eldama Ravine,9pm,0.0,0.0
Bliss Medical Centre Eldama Ravine,10pm,0.0,0.0
Bliss Medical Centre Eldama Ravine,11pm,0.0,0.0
Bliss Medical Centre Ol Kalau,12am,0.0,0.0
Bliss Medical Centre Ol Kalau,1am,0.0,0.0
Bliss Medical Centre Ol Kalau,2am,0.0,0.0
Bliss Medical Centre Ol Kalau,3am,0.0,0.0
Bliss Medical Centre Ol Kalau,4am,0.0,0.0
Bliss Medical Centre Ol Kalau,5am,0.0,0.0
Bliss Medical Centre Ol Kalau,6am,0.0,0.0
Bliss Medical Centre Ol Kalau,7am,0.0,0.0
Bliss Medical Centre Ol Kalau,8am,0.0,0.0
Bliss Medical Centre Ol Kalau,9am,23.55,29.0
Bliss Medical Centre Ol Kalau,10am,39.91,76.0
Bliss Medical Centre Ol Kalau,11am,41.47,83.0
Bliss Medical Centre Ol Kalau,12pm,48.89,82.0
Bliss Medical Centre Ol Kalau,1pm,44.69,68.0
Bliss Medical Centre Ol Kalau,2pm,57.4,53.0
Bliss Medical Centre Ol Kalau,3pm,59.35,71.0
Bliss Medical Centre Ol Kalau,4pm,56.55,76.0
Bliss Medical Centre Ol Kalau,5pm,48.25,69.0
Bliss Medical Centre Ol Kalau,6pm,61.27,30.0
Bliss Medical Centre Ol Kalau,7pm,75.5,2.0
Bliss Medical Centre Ol Kalau,8pm,0.0,0.0
Bliss Medical Centre Ol Kalau,9pm,0.0,0.0
Bliss Medical Centre Ol Kalau,10pm,0.0,0.0
Bliss Medical Centre Ol Kalau,11pm,0.0,0.0
Bliss Medical Centre Webuye,12am,0.0,0.0
Bliss Medical Centre Webuye,1am,0.0,0.0
Bliss Medical Centre Webuye,2am,0.0,0.0
Bliss Medical Centre Webuye,3am,0.0,0.0
Bliss Medical Centre Webuye,4am,0.0,0.0
Bliss Medical Centre Webuye,5am,0.0,0.0
Bliss Medical Centre Webuye,6am,0.0,0.0
Bliss Medical Centre Webuye,7am,0.0,0.0
Bliss Medical Centre Webuye,8am,0.0,0.0
Bliss Medical Centre Webuye,9am,20.33,3.0
Bliss Medical Centre Webuye,10am,30.08,24.0
Bliss Medical Centre Webuye,11am,29.24,33.0
Bliss Medical Centre Webuye,12pm,38.11,35.0
Bliss Medical Centre Webuye,1pm,38.39,23.0
Bliss Medical Centre Webuye,2pm,58.35,17.0
Bliss Medical Centre Webuye,3pm,54.23,35.0
Bliss Medical Centre Webuye,4pm,73.62,26.0
Bliss Medical Centre Webuye,5pm,95.63,27.0
Bliss Medical Centre Webuye,6pm,15.67,3.0
Bliss Medical Centre Webuye,7pm,0.0,0.0
Bliss Medical Centre Webuye,8pm,0.0,0.0
Bliss Medical Centre Webuye,9pm,0.0,0.0
Bliss Medical Centre Webuye,10pm,0.0,0.0
Bliss Medical Centre Webuye,11pm,0.0,0.0
Bliss Medical Centre Moi Avenue,12am,33.0,6.0
Bliss Medical Centre Moi Avenue,1am,29.29,7.0
Bliss Medical Centre Moi Avenue,2am,72.0,5.0
Bliss Medical Centre Moi Avenue,3am,17.0,4.0
Bliss Medical Centre Moi Avenue,4am,50.4,5.0
Bliss Medical Centre Moi Avenue,5am,27.57,7.0
Bliss Medical Centre Moi Avenue,6am,38.48,25.0
Bliss Medical Centre Moi Avenue,7am,44.33,54.0
Bliss Medical Centre Moi Avenue,8am,54.77,56.0
Bliss Medical Centre Moi Avenue,9am,73.0,96.0
Bliss Medical Centre Moi Avenue,10am,77.9,109.0
Bliss Medical Centre Moi Avenue,11am,80.06,177.0
Bliss Medical Centre Moi Avenue,12pm,86.54,199.0
Bliss Medical Centre Moi Avenue,1pm,92.69,188.0
Bliss Medical Centre Moi Avenue,2pm,102.33,192.0
Bliss Medical Centre Moi Avenue,3pm,120.61,209.0
Bliss Medical Centre Moi Avenue,4pm,137.53,195.0
Bliss Medical Centre Moi Avenue,5pm,121.41,222.0
Bliss Medical Centre Moi Avenue,6pm,116.46,185.0
Bliss Medical Centre Moi Avenue,7pm,123.95,150.0
Bliss Medical Centre Moi Avenue,8pm,158.4,105.0
Bliss Medical Centre Moi Avenue,9pm,150.08,95.0
Bliss Medical Centre Moi Avenue,10pm,116.45,66.0
Bliss Medical Centre Moi Avenue,11pm,106.07,42.0
Bliss Medical Centre Kimilili,12am,0.0,0.0
Bliss Medical Centre Kimilili,1am,0.0,0.0
Bliss Medical Centre Kimilili,2am,0.0,0.0
Bliss Medical Centre Kimilili,3am,0.0,0.0
Bliss Medical Centre Kimilili,4am,0.0,0.0
Bliss Medical Centre Kimilili,5am,0.0,0.0
Bliss Medical Centre Kimilili,6am,0.0,0.0
Bliss Medical Centre Kimilili,7am,0.0,0.0
Bliss Medical Centre Kimilili,8am,0.0,0.0
Bliss Medical Centre Kimilili,9am,27.89,9.0
Bliss Medical Centre Kimilili,10am,35.49,49.0
Bliss Medical Centre Kimilili,11am,40.72,61.0
Bliss Medical Centre Kimilili,12pm,43.86,65.0
Bliss Medical Centre Kimilili,1pm,49.66,61.0
Bliss Medical Centre Kimilili,2pm,44.68,57.0
Bliss Medical Centre Kimilili,3pm,45.84,56.0
Bliss Medical Centre Kimilili,4pm,40.23,62.0
Bliss Medical Centre Kimilili,5pm,45.25,73.0
Bliss Medical Centre Kimilili,6pm,74.67,6.0
Bliss Medical Centre Kimilili,7pm,0.0,0.0
Bliss Medical Centre Kimilili,8pm,0.0,0.0
Bliss Medical Centre Kimilili,9pm,0.0,0.0
Bliss Medical Centre Kimilili,10pm,0.0,0.0
Bliss Medical Centre Kimilili,11pm,0.0,0.0
Bliss Medical Centre Kitale,12am,0.0,0.0
Bliss Medical Centre Kitale,1am,0.0,0.0
Bliss Medical Centre Kitale,2am,0.0,0.0
Bliss Medical Centre Kitale,3am,0.0,0.0
Bliss Medical Centre Kitale,4am,0.0,0.0
Bliss Medical Centre Kitale,5am,0.0,0.0
Bliss Medical Centre Kitale,6am,0.0,0.0
Bliss Medical Centre Kitale,7am,0.0,0.0
Bliss Medical Centre Kitale,8am,27.3,10.0
Bliss Medical Centre Kitale,9am,28.08,36.0
Bliss Medical Centre Kitale,10am,36.72,82.0
Bliss Medical Centre Kitale,11am,44.58,118.0
Bliss Medical Centre Kitale,12pm,46.53,141.0
Bliss Medical Centre Kitale,1pm,54.84,129.0
Bliss Medical Centre Kitale,2pm,54.95,99.0
Bliss Medical Centre Kitale,3pm,48.19,77.0
Bliss Medical Centre Kitale,4pm,42.57,79.0
Bliss Medical Centre Kitale,5pm,41.95,80.0
Bliss Medical Centre Kitale,6pm,81.4,5.0
Bliss Medical Centre Kitale,7pm,0.0,0.0
Bliss Medical Centre Kitale,8pm,0.0,0.0
Bliss Medical Centre Kitale,9pm,0.0,0.0
Bliss Medical Centre Kitale,10pm,0.0,0.0
Bliss Medical Centre Kitale,11pm,0.0,0.0
Bliss Medical Centre Nanyuki,12am,0.0,0.0
Bliss Medical Centre Nanyuki,1am,0.0,0.0
Bliss Medical Centre Nanyuki,2am,0.0,0.0
Bliss Medical Centre Nanyuki,3am,0.0,0.0
Bliss Medical Centre Nanyuki,4am,0.0,0.0
Bliss Medical Centre Nanyuki,5am,0.0,0.0
Bliss Medical Centre Nanyuki,6am,0.0,0.0
Bliss Medical Centre Nanyuki,7am,0.0,0.0
Bliss Medical Centre Nanyuki,8am,27.33,3.0
Bliss Medical Centre Nanyuki,9am,27.94,35.0
Bliss Medical Centre Nanyuki,10am,35.73,73.0
Bliss Medical Centre Nanyuki,11am,34.29,103.0
Bliss Medical Centre Nanyuki,12pm,37.66,116.0
Bliss Medical Centre Nanyuki,1pm,43.21,97.0
Bliss Medical Centre Nanyuki,2pm,51.52,119.0
Bliss Medical Centre Nanyuki,3pm,42.67,110.0
Bliss Medical Centre Nanyuki,4pm,43.8,89.0
Bliss Medical Centre Nanyuki,5pm,34.78,81.0
Bliss Medical Centre Nanyuki,6pm,43.34,41.0
Bliss Medical Centre Nanyuki,7pm,64.06,18.0
Bliss Medical Centre Nanyuki,8pm,37.5,2.0
Bliss Medical Centre Nanyuki,9pm,0.0,0.0
Bliss Medical Centre Nanyuki,10pm,0.0,0.0
Bliss Medical Centre Nanyuki,11pm,0.0,0.0
Bliss Medical Centre Pipeline,12am,0.0,0.0
Bliss Medical Centre Pipeline,1am,0.0,0.0
Bliss Medical Centre Pipeline,2am,0.0,0.0
Bliss Medical Centre Pipeline,3am,0.0,0.0
Bliss Medical Centre Pipeline,4am,0.0,0.0
Bliss Medical Centre Pipeline,5am,0.0,0.0
Bliss Medical Centre Pipeline,6am,0.0,0.0
Bliss Medical Centre Pipeline,7am,0.0,0.0
Bliss Medical Centre Pipeline,8am,17.43,7.0
Bliss Medical Centre Pipeline,9am,29.71,28.0
Bliss Medical Centre Pipeline,10am,34.49,59.0
Bliss Medical Centre Pipeline,11am,47.66,61.0
Bliss Medical Centre Pipeline,12pm,51.37,90.0
Bliss Medical Centre Pipeline,1pm,55.67,75.0
Bliss Medical Centre Pipeline,2pm,59.06,86.0
Bliss Medical Centre Pipeline,3pm,64.38,89.0
Bliss Medical Centre Pipeline,4pm,60.51,88.0
Bliss Medical Centre Pipeline,5pm,54.84,91.0
Bliss Medical Centre Pipeline,6pm,44.81,70.0
Bliss Medical Centre Pipeline,7pm,54.22,73.0
Bliss Medical Centre Pipeline,8pm,30.6,5.0
Bliss Medical Centre Pipeline,9pm,0.0,0.0
Bliss Medical Centre Pipeline,10pm,0.0,0.0
Bliss Medical Centre Pipeline,11pm,0.0,0.0
Bliss Medical Centre Kerugoya,12am,0.0,0.0
Bliss Medical Centre Kerugoya,1am,0.0,0.0
Bliss Medical Centre Kerugoya,2am,0.0,0.0
Bliss Medical Centre Kerugoya,3am,0.0,0.0
Bliss Medical Centre Kerugoya,4am,0.0,0.0
Bliss Medical Centre Kerugoya,5am,0.0,0.0
Bliss Medical Centre Kerugoya,6am,0.0,0.0
Bliss Medical Centre Kerugoya,7am,0.0,0.0
Bliss Medical Centre Kerugoya,8am,0.0,0.0
Bliss Medical Centre Kerugoya,9am,26.05,19.0
Bliss Medical Centre Kerugoya,10am,36.21,58.0
Bliss Medical Centre Kerugoya,11am,44.63,89.0
Bliss Medical Centre Kerugoya,12pm,51.51,83.0
Bliss Medical Centre Kerugoya,1pm,63.7,70.0
Bliss Medical Centre Kerugoya,2pm,66.7,43.0
Bliss Medical Centre Kerugoya,3pm,59.8,74.0
Bliss Medical Centre Kerugoya,4pm,88.85,62.0
Bliss Medical Centre Kerugoya,5pm,57.35,62.0
Bliss Medical Centre Kerugoya,6pm,128.11,18.0
Bliss Medical Centre Kerugoya,7pm,0.0,0.0
Bliss Medical Centre Kerugoya,8pm,0.0,0.0
Bliss Medical Centre Kerugoya,9pm,0.0,0.0
Bliss Medical Centre Kerugoya,10pm,0.0,0.0
Bliss Medical Centre Kerugoya,11pm,0.0,0.0
Bliss MC Westlands,12am,0.0,0.0
Bliss MC Westlands,1am,0.0,0.0
Bliss MC Westlands,2am,0.0,0.0
Bliss MC Westlands,3am,0.0,0.0
Bliss MC Westlands,4am,0.0,0.0
Bliss MC Westlands,5am,0.0,0.0
Bliss MC Westlands,6am,0.0,0.0
Bliss MC Westlands,7am,0.0,0.0
Bliss MC Westlands,8am,43.17,6.0
Bliss MC Westlands,9am,32.95,19.0
Bliss MC Westlands,10am,44.56,16.0
Bliss MC Westlands,11am,47.04,47.0
Bliss MC Westlands,12pm,53.18,39.0
Bliss MC Westlands,1pm,49.24,38.0
Bliss MC Westlands,2pm,55.44,48.0
Bliss MC Westlands,3pm,69.28,29.0
Bliss MC Westlands,4pm,62.16,38.0
Bliss MC Westlands,5pm,78.68,31.0
Bliss MC Westlands,6pm,47.79,24.0
Bliss MC Westlands,7pm,20.0,8.0
Bliss MC Westlands,8pm,0.0,0.0
Bliss MC Westlands,9pm,0.0,0.0
Bliss MC Westlands,10pm,0.0,0.0
Bliss MC Westlands,11pm,0.0,0.0
Bliss Medical Centre Busia,12am,0.0,0.0
Bliss Medical Centre Busia,1am,0.0,0.0
Bliss Medical Centre Busia,2am,0.0,0.0
Bliss Medical Centre Busia,3am,0.0,0.0
Bliss Medical Centre Busia,4am,0.0,0.0
Bliss Medical Centre Busia,5am,0.0,0.0
Bliss Medical Centre Busia,6am,0.0,0.0
Bliss Medical Centre Busia,7am,0.0,0.0
Bliss Medical Centre Busia,8am,20.67,3.0
Bliss Medical Centre Busia,9am,44.34,35.0
Bliss Medical Centre Busia,10am,45.8,80.0
Bliss Medical Centre Busia,11am,59.28,148.0
Bliss Medical Centre Busia,12pm,64.64,198.0
Bliss Medical Centre Busia,1pm,62.98,170.0
Bliss Medical Centre Busia,2pm,84.55,132.0
Bliss Medical Centre Busia,3pm,73.35,146.0
Bliss Medical Centre Busia,4pm,81.71,139.0
Bliss Medical Centre Busia,5pm,101.05,128.0
Bliss Medical Centre Busia,6pm,97.74,85.0
Bliss Medical Centre Busia,7pm,153.64,11.0
Bliss Medical Centre Busia,8pm,0.0,0.0
Bliss Medical Centre Busia,9pm,0.0,0.0
Bliss Medical Centre Busia,10pm,0.0,0.0
Bliss Medical Centre Busia,11pm,0.0,0.0
Bliss Medical Centre Siaya,12am,0.0,0.0
Bliss Medical Centre Siaya,1am,0.0,0.0
Bliss Medical Centre Siaya,2am,0.0,0.0
Bliss Medical Centre Siaya,3am,0.0,0.0
Bliss Medical Centre Siaya,4am,0.0,0.0
Bliss Medical Centre Siaya,5am,0.0,0.0
Bliss Medical Centre Siaya,6am,0.0,0.0
Bliss Medical Centre Siaya,7am,0.0,0.0
Bliss Medical Centre Siaya,8am,0.0,0.0
Bliss Medical Centre Siaya,9am,22.35,17.0
Bliss Medical Centre Siaya,10am,46.23,99.0
Bliss Medical Centre Siaya,11am,57.43,131.0
Bliss Medical Centre Siaya,12pm,50.88,133.0
Bliss Medical Centre Siaya,1pm,56.78,120.0
Bliss Medical Centre Siaya,2pm,69.01,75.0
Bliss Medical Centre Siaya,3pm,87.4,101.0
Bliss Medical Centre Siaya,4pm,76.07,94.0
Bliss Medical Centre Siaya,5pm,65.55,95.0
Bliss Medical Centre Siaya,6pm,79.8,20.0
Bliss Medical Centre Siaya,7pm,0.0,0.0
Bliss Medical Centre Siaya,8pm,0.0,0.0
Bliss Medical Centre Siaya,9pm,0.0,0.0
Bliss Medical Centre Siaya,10pm,0.0,0.0
Bliss Medical Centre Siaya,11pm,0.0,0.0
Bliss Medical Centre Machakos,12am,0.0,0.0
Bliss Medical Centre Machakos,1am,0.0,0.0
Bliss Medical Centre Machakos,2am,0.0,0.0
Bliss Medical Centre Machakos,3am,0.0,0.0
Bliss Medical Centre Machakos,4am,0.0,0.0
Bliss Medical Centre Machakos,5am,0.0,0.0
Bliss Medical Centre Machakos,6am,0.0,0.0
Bliss Medical Centre Machakos,7am,0.0,0.0
Bliss Medical Centre Machakos,8am,20.05,20.0
Bliss Medical Centre Machakos,9am,37.83,76.0
Bliss Medical Centre Machakos,10am,53.92,76.0
Bliss Medical Centre Machakos,11am,63.04,113.0
Bliss Medical Centre Machakos,12pm,80.03,144.0
Bliss Medical Centre Machakos,1pm,76.29,151.0
Bliss Medical Centre Machakos,2pm,81.88,106.0
Bliss Medical Centre Machakos,3pm,106.08,127.0
Bliss Medical Centre Machakos,4pm,104.39,127.0
Bliss Medical Centre Machakos,5pm,86.02,122.0
Bliss Medical Centre Machakos,6pm,65.74,97.0
Bliss Medical Centre Machakos,7pm,49.77,48.0
Bliss Medical Centre Machakos,8pm,116.88,8.0
Bliss Medical Centre Machakos,9pm,0.0,0.0
Bliss Medical Centre Machakos,10pm,0.0,0.0
Bliss Medical Centre Machakos,11pm,0.0,0.0
Bliss Medical Centre Kakamega,12am,0.0,0.0
Bliss Medical Centre Kakamega,1am,0.0,0.0
Bliss Medical Centre Kakamega,2am,0.0,0.0
Bliss Medical Centre Kakamega,3am,0.0,0.0
Bliss Medical Centre Kakamega,4am,0.0,0.0
Bliss Medical Centre Kakamega,5am,0.0,0.0
Bliss Medical Centre Kakamega,6am,0.0,0.0
Bliss Medical Centre Kakamega,7am,0.0,0.0
Bliss Medical Centre Kakamega,8am,18.27,11.0
Bliss Medical Centre Kakamega,9am,37.81,85.0
Bliss Medical Centre Kakamega,10am,54.1,174.0
Bliss Medical Centre Kakamega,11am,60.61,233.0
Bliss Medical Centre Kakamega,12pm,67.35,314.0
Bliss Medical Centre Kakamega,1pm,70.97,280.0
Bliss Medical Centre Kakamega,2pm,80.07,250.0
Bliss Medical Centre Kakamega,3pm,72.19,251.0
Bliss Medical Centre Kakamega,4pm,78.29,224.0
Bliss Medical Centre Kakamega,5pm,68.91,212.0
Bliss Medical Centre Kakamega,6pm,70.02,168.0
Bliss Medical Centre Kakamega,7pm,84.59,27.0
Bliss Medical Centre Kakamega,8pm,0.0,0.0
Bliss Medical Centre Kakamega,9pm,0.0,0.0
Bliss Medical Centre Kakamega,10pm,0.0,0.0
Bliss Medical Centre Kakamega,11pm,0.0,0.0
Bliss Medical Centre Embu,12am,0.0,0.0
Bliss Medical Centre Embu,1am,0.0,0.0
Bliss Medical Centre Embu,2am,0.0,0.0
Bliss Medical Centre Embu,3am,0.0,0.0
Bliss Medical Centre Embu,4am,0.0,0.0
Bliss Medical Centre Embu,5am,0.0,0.0
Bliss Medical Centre Embu,6am,0.0,0.0
Bliss Medical Centre Embu,7am,0.0,0.0
Bliss Medical Centre Embu,8am,21.56,9.0
Bliss Medical Centre Embu,9am,27.54,41.0
Bliss Medical Centre Embu,10am,41.8,93.0
Bliss Medical Centre Embu,11am,59.54,98.0
Bliss Medical Centre Embu,12pm,71.69,156.0
Bliss Medical Centre Embu,1pm,81.78,143.0
Bliss Medical Centre Embu,2pm,94.42,175.0
Bliss Medical Centre Embu,3pm,101.99,147.0
Bliss Medical Centre Embu,4pm,105.26,164.0
Bliss Medical Centre Embu,5pm,95.68,170.0
Bliss Medical Centre Embu,6pm,94.35,110.0
Bliss Medical Centre Embu,7pm,86.27,33.0
Bliss Medical Centre Embu,8pm,80.08,12.0
Bliss Medical Centre Embu,9pm,0.0,0.0
Bliss Medical Centre Embu,10pm,0.0,0.0
Bliss Medical Centre Embu,11pm,0.0,0.0
Bliss Medical Centre Muranga,12am,8.0,1.0
Bliss Medical Centre Muranga,1am,41.0,3.0
Bliss Medical Centre Muranga,2am,45.5,2.0
Bliss Medical Centre Muranga,3am,56.33,3.0
Bliss Medical Centre Muranga,4am,25.0,1.0
Bliss Medical Centre Muranga,5am,48.0,2.0
Bliss Medical Centre Muranga,6am,0.0,0.0
Bliss Medical Centre Muranga,7am,30.0,2.0
Bliss Medical Centre Muranga,8am,32.38,26.0
Bliss Medical Centre Muranga,9am,35.61,44.0
Bliss Medical Centre Muranga,10am,46.73,90.0
Bliss Medical Centre Muranga,11am,53.48,99.0
Bliss Medical Centre Muranga,12pm,54.74,120.0
Bliss Medical Centre Muranga,1pm,61.97,96.0
Bliss Medical Centre Muranga,2pm,75.89,96.0
Bliss Medical Centre Muranga,3pm,74.79,96.0
Bliss Medical Centre Muranga,4pm,96.89,110.0
Bliss Medical Centre Muranga,5pm,114.61,153.0
Bliss Medical Centre Muranga,6pm,96.43,104.0
Bliss Medical Centre Muranga,7pm,75.79,85.0
Bliss Medical Centre Muranga,8pm,100.18,80.0
Bliss Medical Centre Muranga,9pm,96.0,28.0
Bliss Medical Centre Muranga,10pm,189.48,25.0
Bliss Medical Centre Muranga,11pm,85.12,8.0
Medicross Medical Centre Juja Mall,12am,0.0,0.0
Medicross Medical Centre Juja Mall,1am,0.0,0.0
Medicross Medical Centre Juja Mall,2am,0.0,0.0
Medicross Medical Centre Juja Mall,3am,0.0,0.0
Medicross Medical Centre Juja Mall,4am,0.0,0.0
Medicross Medical Centre Juja Mall,5am,0.0,0.0
Medicross Medical Centre Juja Mall,6am,0.0,0.0
Medicross Medical Centre Juja Mall,7am,0.0,0.0
Medicross Medical Centre Juja Mall,8am,0.0,0.0
Medicross Medical Centre Juja Mall,9am,22.82,11.0
Medicross Medical Centre Juja Mall,10am,36.49,39.0
Medicross Medical Centre Juja Mall,11am,40.02,43.0
Medicross Medical Centre Juja Mall,12pm,42.47,62.0
Medicross Medical Centre Juja Mall,1pm,53.0,63.0
Medicross Medical Centre Juja Mall,2pm,48.58,48.0
Medicross Medical Centre Juja Mall,3pm,72.02,66.0
Medicross Medical Centre Juja Mall,4pm,50.77,69.0
Medicross Medical Centre Juja Mall,5pm,96.83,77.0
Medicross Medical Centre Juja Mall,6pm,49.58,24.0
Medicross Medical Centre Juja Mall,7pm,0.0,0.0
Medicross Medical Centre Juja Mall,8pm,465.59,17.0
Medicross Medical Centre Juja Mall,9pm,0.0,0.0
Medicross Medical Centre Juja Mall,10pm,0.0,0.0
Medicross Medical Centre Juja Mall,11pm,506.78,9.0
Medicross Medical Centre Meru,12am,0.0,0.0
Medicross Medical Centre Meru,1am,0.0,0.0
Medicross Medical Centre Meru,2am,0.0,0.0
Medicross Medical Centre Meru,3am,0.0,0.0
Medicross Medical Centre Meru,4am,0.0,0.0
Medicross Medical Centre Meru,5am,0.0,0.0
Medicross Medical Centre Meru,6am,0.0,0.0
Medicross Medical Centre Meru,7am,0.0,0.0
Medicross Medical Centre Meru,8am,28.5,6.0
Medicross Medical Centre Meru,9am,34.83,29.0
Medicross Medical Centre Meru,10am,48.58,65.0
Medicross Medical Centre Meru,11am,60.42,72.0
Medicross Medical Centre Meru,12pm,67.86,117.0
Medicross Medical Centre Meru,1pm,76.17,107.0
Medicross Medical Centre Meru,2pm,76.23,92.0
Medicross Medical Centre Meru,3pm,70.31,102.0
Medicross Medical Centre Meru,4pm,70.76,91.0
Medicross Medical Centre Meru,5pm,66.24,86.0
Medicross Medical Centre Meru,6pm,53.62,45.0
Medicross Medical Centre Meru,7pm,47.87,31.0
Medicross Medical Centre Meru,8pm,32.0,1.0
Medicross Medical Centre Meru,9pm,0.0,0.0
Medicross Medical Centre Meru,10pm,0.0,0.0
Medicross Medical Centre Meru,11pm,0.0,0.0
Bliss Medical Centre Nyeri 1 Jenkim Plaza,12am,13.0,2.0
Bliss Medical Centre Nyeri 1 Jenkim Plaza,1am,62.0,1.0
Bliss Medical Centre Nyeri 1 Jenkim Plaza,2am,15.0,1.0
Bliss Medical Centre Nyeri 1 Jenkim Plaza,3am,26.33,3.0
Bliss Medical Centre Nyeri 1 Jenkim Plaza,4am,32.0,2.0
Bliss Medical Centre Nyeri 1 Jenkim Plaza,5am,30.0,1.0
Bliss Medical Centre Nyeri 1 Jenkim Plaza,6am,17.33,3.0
Bliss Medical Centre Nyeri 1 Jenkim Plaza,7am,68.3,10.0
Bliss Medical Centre Nyeri 1 Jenkim Plaza,8am,41.76,21.0
Bliss Medical Centre Nyeri 1 Jenkim Plaza,9am,35.13,46.0
Bliss Medical Centre Nyeri 1 Jenkim Plaza,10am,39.42,57.0
Bliss Medical Centre Nyeri 1 Jenkim Plaza,11am,38.18,90.0
Bliss Medical Centre Nyeri 1 Jenkim Plaza,12pm,46.69,108.0
Bliss Medical Centre Nyeri 1 Jenkim Plaza,1pm,56.16,99.0
Bliss Medical Centre Nyeri 1 Jenkim Plaza,2pm,60.21,104.0
Bliss Medical Centre Nyeri 1 Jenkim Plaza,3pm,51.73,85.0
Bliss Medical Centre Nyeri 1 Jenkim Plaza,4pm,59.49,99.0
Bliss Medical Centre Nyeri 1 Jenkim Plaza,5pm,57.23,97.0
Bliss Medical Centre Nyeri 1 Jenkim Plaza,6pm,63.76,72.0
Bliss Medical Centre Nyeri 1 Jenkim Plaza,7pm,55.97,71.0
Bliss Medical Centre Nyeri 1 Jenkim Plaza,8pm,62.78,37.0
Bliss Medical Centre Nyeri 1 Jenkim Plaza,9pm,35.64,25.0
Bliss Medical Centre Nyeri 1 Jenkim Plaza,10pm,24.71,14.0
Bliss Medical Centre Nyeri 1 Jenkim Plaza,11pm,39.62,8.0
BLISS MC EASTLEIGH,12am,0.0,0.0
BLISS MC EASTLEIGH,1am,0.0,0.0
BLISS MC EASTLEIGH,2am,0.0,0.0
BLISS MC EASTLEIGH,3am,0.0,0.0
BLISS MC EASTLEIGH,4am,0.0,0.0
BLISS MC EASTLEIGH,5am,0.0,0.0
BLISS MC EASTLEIGH,6am,0.0,0.0
BLISS MC EASTLEIGH,7am,0.0,0.0
BLISS MC EASTLEIGH,8am,0.0,0.0
BLISS MC EASTLEIGH,9am,37.5,2.0
BLISS MC EASTLEIGH,10am,45.96,25.0
BLISS MC EASTLEIGH,11am,55.61,36.0
BLISS MC EASTLEIGH,12pm,52.19,42.0
BLISS MC EASTLEIGH,1pm,67.2,51.0
BLISS MC EASTLEIGH,2pm,68.45,65.0
BLISS MC EASTLEIGH,3pm,64.76,42.0
BLISS MC EASTLEIGH,4pm,77.61,57.0
BLISS MC EASTLEIGH,5pm,77.84,67.0
BLISS MC EASTLEIGH,6pm,74.91,43.0
BLISS MC EASTLEIGH,7pm,64.25,32.0
BLISS MC EASTLEIGH,8pm,97.5,22.0
BLISS MC EASTLEIGH,9pm,112.58,12.0
BLISS MC EASTLEIGH,10pm,0.0,0.0
BLISS MC EASTLEIGH,11pm,0.0,0.0
Bliss Medical Centre Kiambu,12am,0.0,0.0
Bliss Medical Centre Kiambu,1am,0.0,0.0
Bliss Medical Centre Kiambu,2am,0.0,0.0
Bliss Medical Centre Kiambu,3am,0.0,0.0
Bliss Medical Centre Kiambu,4am,0.0,0.0
Bliss Medical Centre Kiambu,5am,0.0,0.0
Bliss Medical Centre Kiambu,6am,0.0,0.0
Bliss Medical Centre Kiambu,7am,0.0,0.0
Bliss Medical Centre Kiambu,8am,0.0,0.0
Bliss Medical Centre Kiambu,9am,21.33,3.0
Bliss Medical Centre Kiambu,10am,37.96,56.0
Bliss Medical Centre Kiambu,11am,47.91,58.0
Bliss Medical Centre Kiambu,12pm,54.71,76.0
Bliss Medical Centre Kiambu,1pm,61.02,56.0
Bliss Medical Centre Kiambu,2pm,78.42,65.0
Bliss Medical Centre Kiambu,3pm,90.67,93.0
Bliss Medical Centre Kiambu,4pm,81.04,103.0
Bliss Medical Centre Kiambu,5pm,77.16,92.0
Bliss Medical Centre Kiambu,6pm,53.58,53.0
Bliss Medical Centre Kiambu,7pm,0.0,0.0
Bliss Medical Centre Kiambu,8pm,0.0,0.0
Bliss Medical Centre Kiambu,9pm,0.0,0.0
Bliss Medical Centre Kiambu,10pm,0.0,0.0
Bliss Medical Centre Kiambu,11pm,0.0,0.0
Bliss Medical Centre Homabay,12am,0.0,0.0
Bliss Medical Centre Homabay,1am,0.0,0.0
Bliss Medical Centre Homabay,2am,0.0,0.0
Bliss Medical Centre Homabay,3am,0.0,0.0
Bliss Medical Centre Homabay,4am,0.0,0.0
Bliss Medical Centre Homabay,5am,0.0,0.0
Bliss Medical Centre Homabay,6am,0.0,0.0
Bliss Medical Centre Homabay,7am,0.0,0.0
Bliss Medical Centre Homabay,8am,0.0,0.0
Bliss Medical Centre Homabay,9am,27.11,19.0
Bliss Medical Centre Homabay,10am,49.78,74.0
Bliss Medical Centre Homabay,11am,49.81,68.0
Bliss Medical Centre Homabay,12pm,62.1,99.0
Bliss Medical Centre Homabay,1pm,71.62,116.0
Bliss Medical Centre Homabay,2pm,67.32,76.0
Bliss Medical Centre Homabay,3pm,72.63,70.0
Bliss Medical Centre Homabay,4pm,74.15,66.0
Bliss Medical Centre Homabay,5pm,101.15,61.0
Bliss Medical Centre Homabay,6pm,145.32,38.0
Bliss Medical Centre Homabay,7pm,308.88,16.0
Bliss Medical Centre Homabay,8pm,331.67,3.0
Bliss Medical Centre Homabay,9pm,0.0,0.0
Bliss Medical Centre Homabay,10pm,0.0,0.0
Bliss Medical Centre Homabay,11pm,0.0,0.0
Bliss Medical Centre Kisii 1,12am,0.0,0.0
Bliss Medical Centre Kisii 1,1am,0.0,0.0
Bliss Medical Centre Kisii 1,2am,0.0,0.0
Bliss Medical Centre Kisii 1,3am,0.0,0.0
Bliss Medical Centre Kisii 1,4am,0.0,0.0
Bliss Medical Centre Kisii 1,5am,0.0,0.0
Bliss Medical Centre Kisii 1,6am,0.0,0.0
Bliss Medical Centre Kisii 1,7am,0.0,0.0
Bliss Medical Centre Kisii 1,8am,24.85,13.0
Bliss Medical Centre Kisii 1,9am,33.21,67.0
Bliss Medical Centre Kisii 1,10am,52.66,94.0
Bliss Medical Centre Kisii 1,11am,62.44,180.0
Bliss Medical Centre Kisii 1,12pm,71.16,184.0
Bliss Medical Centre Kisii 1,1pm,87.85,173.0
Bliss Medical Centre Kisii 1,2pm,102.05,171.0
Bliss Medical Centre Kisii 1,3pm,91.5,157.0
Bliss Medical Centre Kisii 1,4pm,87.72,148.0
Bliss Medical Centre Kisii 1,5pm,88.13,118.0
Bliss Medical Centre Kisii 1,6pm,80.96,98.0
Bliss Medical Centre Kisii 1,7pm,125.7,23.0
Bliss Medical Centre Kisii 1,8pm,0.0,0.0
Bliss Medical Centre Kisii 1,9pm,0.0,0.0
Bliss Medical Centre Kisii 1,10pm,0.0,0.0
Bliss Medical Centre Kisii 1,11pm,0.0,0.0
Bliss Medical Centre Al Imran,12am,36.0,2.0
Bliss Medical Centre Al Imran,1am,0.0,0.0
Bliss Medical Centre Al Imran,2am,0.0,0.0
Bliss Medical Centre Al Imran,3am,0.0,0.0
Bliss Medical Centre Al Imran,4am,45.0,1.0
Bliss Medical Centre Al Imran,5am,38.0,2.0
Bliss Medical Centre Al Imran,6am,0.0,0.0
Bliss Medical Centre Al Imran,7am,73.2,10.0
Bliss Medical Centre Al Imran,8am,45.7,30.0
Bliss Medical Centre Al Imran,9am,53.35,62.0
Bliss Medical Centre Al Imran,10am,57.36,77.0
Bliss Medical Centre Al Imran,11am,68.64,148.0
Bliss Medical Centre Al Imran,12pm,76.54,138.0
Bliss Medical Centre Al Imran,1pm,87.99,155.0
Bliss Medical Centre Al Imran,2pm,93.71,147.0
Bliss Medical Centre Al Imran,3pm,103.38,163.0
Bliss Medical Centre Al Imran,4pm,110.22,178.0
Bliss Medical Centre Al Imran,5pm,96.72,143.0
Bliss Medical Centre Al Imran,6pm,112.28,127.0
Bliss Medical Centre Al Imran,7pm,74.92,59.0
Bliss Medical Centre Al Imran,8pm,79.62,61.0
Bliss Medical Centre Al Imran,9pm,97.4,25.0
Bliss Medical Centre Al Imran,10pm,86.76,17.0
Bliss Medical Centre Al Imran,11pm,52.17,6.0
Bliss Medical Centre Mega Plaza,12am,0.0,0.0
Bliss Medical Centre Mega Plaza,1am,0.0,0.0
Bliss Medical Centre Mega Plaza,2am,0.0,0.0
Bliss Medical Centre Mega Plaza,3am,0.0,0.0
Bliss Medical Centre Mega Plaza,4am,0.0,0.0
Bliss Medical Centre Mega Plaza,5am,0.0,0.0
Bliss Medical Centre Mega Plaza,6am,0.0,0.0
Bliss Medical Centre Mega Plaza,7am,0.0,0.0
Bliss Medical Centre Mega Plaza,8am,17.29,7.0
Bliss Medical Centre Mega Plaza,9am,34.74,43.0
Bliss Medical Centre Mega Plaza,10am,49.01,115.0
Bliss Medical Centre Mega Plaza,11am,55.42,129.0
Bliss Medical Centre Mega Plaza,12pm,67.96,167.0
Bliss Medical Centre Mega Plaza,1pm,68.4,156.0
Bliss Medical Centre Mega Plaza,2pm,76.21,174.0
Bliss Medical Centre Mega Plaza,3pm,80.92,146.0
Bliss Medical Centre Mega Plaza,4pm,68.99,154.0
Bliss Medical Centre Mega Plaza,5pm,74.57,108.0
Bliss Medical Centre Mega Plaza,6pm,72.04,51.0
Bliss Medical Centre Mega Plaza,7pm,95.06,16.0
Bliss Medical Centre Mega Plaza,8pm,0.0,0.0
Bliss Medical Centre Mega Plaza,9pm,0.0,0.0
Bliss Medical Centre Mega Plaza,10pm,0.0,0.0
Bliss Medical Centre Mega Plaza,11pm,0.0,0.0
Bliss Medical Centre Kericho,12am,0.0,0.0
Bliss Medical Centre Kericho,1am,0.0,0.0
Bliss Medical Centre Kericho,2am,0.0,0.0
Bliss Medical Centre Kericho,3am,0.0,0.0
Bliss Medical Centre Kericho,4am,0.0,0.0
Bliss Medical Centre Kericho,5am,0.0,0.0
Bliss Medical Centre Kericho,6am,0.0,0.0
Bliss Medical Centre Kericho,7am,0.0,0.0
Bliss Medical Centre Kericho,8am,23.56,9.0
Bliss Medical Centre Kericho,9am,28.63,51.0
Bliss Medical Centre Kericho,10am,35.97,111.0
Bliss Medical Centre Kericho,11am,33.13,140.0
Bliss Medical Centre Kericho,12pm,40.19,154.0
Bliss Medical Centre Kericho,1pm,45.16,137.0
Bliss Medical Centre Kericho,2pm,49.19,151.0
Bliss Medical Centre Kericho,3pm,48.67,123.0
Bliss Medical Centre Kericho,4pm,39.16,128.0
Bliss Medical Centre Kericho,5pm,33.57,118.0
Bliss Medical Centre Kericho,6pm,29.65,51.0
Bliss Medical Centre Kericho,7pm,10.0,1.0
Bliss Medical Centre Kericho,8pm,0.0,0.0
Bliss Medical Centre Kericho,9pm,0.0,0.0
Bliss Medical Centre Kericho,10pm,0.0,0.0
Bliss Medical Centre Kericho,11pm,0.0,0.0
Medicross Medical Centre Nakuru,12am,17.0,3.0
Medicross Medical Centre Nakuru,1am,36.0,1.0
Medicross Medical Centre Nakuru,2am,18.0,1.0
Medicross Medical Centre Nakuru,3am,24.0,2.0
Medicross Medical Centre Nakuru,4am,30.0,1.0
Medicross Medical Centre Nakuru,5am,27.0,3.0
Medicross Medical Centre Nakuru,6am,23.33,3.0
Medicross Medical Centre Nakuru,7am,29.75,8.0
Medicross Medical Centre Nakuru,8am,31.36,36.0
Medicross Medical Centre Nakuru,9am,35.74,82.0
Medicross Medical Centre Nakuru,10am,49.17,121.0
Medicross Medical Centre Nakuru,11am,53.55,170.0
Medicross Medical Centre Nakuru,12pm,66.27,161.0
Medicross Medical Centre Nakuru,1pm,80.68,203.0
Medicross Medical Centre Nakuru,2pm,80.53,167.0
Medicross Medical Centre Nakuru,3pm,83.53,187.0
Medicross Medical Centre Nakuru,4pm,90.71,191.0
Medicross Medical Centre Nakuru,5pm,80.05,149.0
Medicross Medical Centre Nakuru,6pm,85.96,95.0
Medicross Medical Centre Nakuru,7pm,96.41,83.0
Medicross Medical Centre Nakuru,8pm,127.23,35.0
Medicross Medical Centre Nakuru,9pm,73.7,10.0
Medicross Medical Centre Nakuru,10pm,39.22,9.0
Medicross Medical Centre Nakuru,11pm,31.6,5.0
Medicross Medical Centre Ananas Mall,12am,0.0,0.0
Medicross Medical Centre Ananas Mall,1am,0.0,0.0
Medicross Medical Centre Ananas Mall,2am,0.0,0.0
Medicross Medical Centre Ananas Mall,3am,0.0,0.0
Medicross Medical Centre Ananas Mall,4am,0.0,0.0
Medicross Medical Centre Ananas Mall,5am,0.0,0.0
Medicross Medical Centre Ananas Mall,6am,0.0,0.0
Medicross Medical Centre Ananas Mall,7am,0.0,0.0
Medicross Medical Centre Ananas Mall,8am,0.0,0.0
Medicross Medical Centre Ananas Mall,9am,21.75,4.0
Medicross Medical Centre Ananas Mall,10am,43.58,53.0
Medicross Medical Centre Ananas Mall,11am,53.13,75.0
Medicross Medical Centre Ananas Mall,12pm,54.5,96.0
Medicross Medical Centre Ananas Mall,1pm,56.81,79.0
Medicross Medical Centre Ananas Mall,2pm,63.32,81.0
Medicross Medical Centre Ananas Mall,3pm,74.97,63.0
Medicross Medical Centre Ananas Mall,4pm,55.09,80.0
Medicross Medical Centre Ananas Mall,5pm,64.63,90.0
Medicross Medical Centre Ananas Mall,6pm,61.21,29.0
Medicross Medical Centre Ananas Mall,7pm,0.0,0.0
Medicross Medical Centre Ananas Mall,8pm,0.0,0.0
Medicross Medical Centre Ananas Mall,9pm,0.0,0.0
Medicross Medical Centre Ananas Mall,10pm,0.0,0.0
Medicross Medical Centre Ananas Mall,11pm,0.0,0.0
Bliss Medical Centre Githurai,12am,0.0,0.0
Bliss Medical Centre Githurai,1am,0.0,0.0
Bliss Medical Centre Githurai,2am,0.0,0.0
Bliss Medical Centre Githurai,3am,0.0,0.0
Bliss Medical Centre Githurai,4am,0.0,0.0
Bliss Medical Centre Githurai,5am,0.0,0.0
Bliss Medical Centre Githurai,6am,0.0,0.0
Bliss Medical Centre Githurai,7am,0.0,0.0
Bliss Medical Centre Githurai,8am,0.0,0.0
Bliss Medical Centre Githurai,9am,24.48,23.0
Bliss Medical Centre Githurai,10am,35.42,71.0
Bliss Medical Centre Githurai,11am,44.21,86.0
Bliss Medical Centre Githurai,12pm,52.63,105.0
Bliss Medical Centre Githurai,1pm,63.35,110.0
Bliss Medical Centre Githurai,2pm,58.62,86.0
Bliss Medical Centre Githurai,3pm,63.57,89.0
Bliss Medical Centre Githurai,4pm,58.43,93.0
Bliss Medical Centre Githurai,5pm,54.72,119.0
Bliss Medical Centre Githurai,6pm,43.7,56.0
Bliss Medical Centre Githurai,7pm,0.0,0.0
Bliss Medical Centre Githurai,8pm,0.0,0.0
Bliss Medical Centre Githurai,9pm,0.0,0.0
Bliss Medical Centre Githurai,10pm,0.0,0.0
Bliss Medical Centre Githurai,11pm,0.0,0.0
Bliss Medical Centre Teleposta,12am,0.0,0.0
Bliss Medical Centre Teleposta,1am,0.0,0.0
Bliss Medical Centre Teleposta,2am,0.0,0.0
Bliss Medical Centre Teleposta,3am,0.0,0.0
Bliss Medical Centre Teleposta,4am,0.0,0.0
Bliss Medical Centre Teleposta,5am,0.0,0.0
Bliss Medical Centre Teleposta,6am,0.0,0.0
Bliss Medical Centre Teleposta,7am,0.0,0.0
Bliss Medical Centre Teleposta,8am,23.1,10.0
Bliss Medical Centre Teleposta,9am,36.15,39.0
Bliss Medical Centre Teleposta,10am,46.44,64.0
Bliss Medical Centre Teleposta,11am,57.52,64.0
Bliss Medical Centre Teleposta,12pm,60.02,84.0
Bliss Medical Centre Teleposta,1pm,75.73,106.0
Bliss Medical Centre Teleposta,2pm,73.03,89.0
Bliss Medical Centre Teleposta,3pm,72.74,92.0
Bliss Medical Centre Teleposta,4pm,79.0,89.0
Bliss Medical Centre Teleposta,5pm,75.02,58.0
Bliss Medical Centre Teleposta,6pm,76.55,49.0
Bliss Medical Centre Teleposta,7pm,82.76,34.0
Bliss Medical Centre Teleposta,8pm,70.93,15.0
Bliss Medical Centre Teleposta,9pm,0.0,0.0
Bliss Medical Centre Teleposta,10pm,0.0,0.0
Bliss Medical Centre Teleposta,11pm,0.0,0.0
Bliss Medical Centre Wote,12am,0.0,0.0
Bliss Medical Centre Wote,1am,0.0,0.0
Bliss Medical Centre Wote,2am,0.0,0.0
Bliss Medical Centre Wote,3am,0.0,0.0
Bliss Medical Centre Wote,4am,0.0,0.0
Bliss Medical Centre Wote,5am,0.0,0.0
Bliss Medical Centre Wote,6am,0.0,0.0
Bliss Medical Centre Wote,7am,0.0,0.0
Bliss Medical Centre Wote,8am,0.0,0.0
Bliss Medical Centre Wote,9am,20.37,38.0
Bliss Medical Centre Wote,10am,34.66,85.0
Bliss Medical Centre Wote,11am,45.28,102.0
Bliss Medical Centre Wote,12pm,43.54,115.0
Bliss Medical Centre Wote,1pm,45.02,123.0
Bliss Medical Centre Wote,2pm,35.03,68.0
Bliss Medical Centre Wote,3pm,27.29,63.0
Bliss Medical Centre Wote,4pm,26.1,103.0
Bliss Medical Centre Wote,5pm,34.24,89.0
Bliss Medical Centre Wote,6pm,27.08,25.0
Bliss Medical Centre Wote,7pm,0.0,0.0
Bliss Medical Centre Wote,8pm,0.0,0.0
Bliss Medical Centre Wote,9pm,0.0,0.0
Bliss Medical Centre Wote,10pm,0.0,0.0
Bliss Medical Centre Wote,11pm,0.0,0.0
Bliss Medical Centre Thika,12am,0.0,0.0
Bliss Medical Centre Thika,1am,0.0,0.0
Bliss Medical Centre Thika,2am,0.0,0.0
Bliss Medical Centre Thika,3am,0.0,0.0
Bliss Medical Centre Thika,4am,0.0,0.0
Bliss Medical Centre Thika,5am,0.0,0.0
Bliss Medical Centre Thika,6am,0.0,0.0
Bliss Medical Centre Thika,7am,0.0,0.0
Bliss Medical Centre Thika,8am,21.78,9.0
Bliss Medical Centre Thika,9am,39.46,52.0
Bliss Medical Centre Thika,10am,48.68,90.0
Bliss Medical Centre Thika,11am,60.15,120.0
Bliss Medical Centre Thika,12pm,52.84,125.0
Bliss Medical Centre Thika,1pm,49.71,133.0
Bliss Medical Centre Thika,2pm,54.7,128.0
Bliss Medical Centre Thika,3pm,54.59,128.0
Bliss Medical Centre Thika,4pm,62.82,126.0
Bliss Medical Centre Thika,5pm,53.11,166.0
Bliss Medical Centre Thika,6pm,44.21,127.0
Bliss Medical Centre Thika,7pm,39.39,101.0
Bliss Medical Centre Thika,8pm,42.4,5.0
Bliss Medical Centre Thika,9pm,0.0,0.0
Bliss Medical Centre Thika,10pm,0.0,0.0
Bliss Medical Centre Thika,11pm,0.0,0.0
Bliss Medical Centre Embakasi,12am,0.0,0.0
Bliss Medical Centre Embakasi,1am,0.0,0.0
Bliss Medical Centre Embakasi,2am,0.0,0.0
Bliss Medical Centre Embakasi,3am,0.0,0.0
Bliss Medical Centre Embakasi,4am,0.0,0.0
Bliss Medical Centre Embakasi,5am,0.0,0.0
Bliss Medical Centre Embakasi,6am,0.0,0.0
Bliss Medical Centre Embakasi,7am,0.0,0.0
Bliss Medical Centre Embakasi,8am,0.0,0.0
Bliss Medical Centre Embakasi,9am,22.88,8.0
Bliss Medical Centre Embakasi,10am,39.76,37.0
Bliss Medical Centre Embakasi,11am,38.24,55.0
Bliss Medical Centre Embakasi,12pm,46.28,64.0
Bliss Medical Centre Embakasi,1pm,53.79,63.0
Bliss Medical Centre Embakasi,2pm,70.0,52.0
Bliss Medical Centre Embakasi,3pm,50.55,49.0
Bliss Medical Centre Embakasi,4pm,43.76,49.0
Bliss Medical Centre Embakasi,5pm,50.1,79.0
Bliss Medical Centre Embakasi,6pm,43.17,6.0
Bliss Medical Centre Embakasi,7pm,0.0,0.0
Bliss Medical Centre Embakasi,8pm,0.0,0.0
Bliss Medical Centre Embakasi,9pm,0.0,0.0
Bliss Medical Centre Embakasi,10pm,0.0,0.0
Bliss Medical Centre Embakasi,11pm,0.0,0.0
Bliss Medical Centre Mtwapa,12am,0.0,0.0
Bliss Medical Centre Mtwapa,1am,0.0,0.0
Bliss Medical Centre Mtwapa,2am,0.0,0.0
Bliss Medical Centre Mtwapa,3am,0.0,0.0
Bliss Medical Centre Mtwapa,4am,0.0,0.0
Bliss Medical Centre Mtwapa,5am,0.0,0.0
Bliss Medical Centre Mtwapa,6am,0.0,0.0
Bliss Medical Centre Mtwapa,7am,0.0,0.0
Bliss Medical Centre Mtwapa,8am,0.0,0.0
Bliss Medical Centre Mtwapa,9am,22.23,13.0
Bliss Medical Centre Mtwapa,10am,38.47,53.0
Bliss Medical Centre Mtwapa,11am,40.09,79.0
Bliss Medical Centre Mtwapa,12pm,43.18,56.0
Bliss Medical Centre Mtwapa,1pm,37.81,63.0
Bliss Medical Centre Mtwapa,2pm,41.02,50.0
Bliss Medical Centre Mtwapa,3pm,50.76,74.0
Bliss Medical Centre Mtwapa,4pm,46.07,70.0
Bliss Medical Centre Mtwapa,5pm,37.19,68.0
Bliss Medical Centre Mtwapa,6pm,32.29,14.0
Bliss Medical Centre Mtwapa,7pm,0.0,0.0
Bliss Medical Centre Mtwapa,8pm,0.0,0.0
Bliss Medical Centre Mtwapa,9pm,0.0,0.0
Bliss Medical Centre Mtwapa,10pm,0.0,0.0
Bliss Medical Centre Mtwapa,11pm,0.0,0.0
Bliss Medical Centre Maua,12am,0.0,0.0
Bliss Medical Centre Maua,1am,0.0,0.0
Bliss Medical Centre Maua,2am,0.0,0.0
Bliss Medical Centre Maua,3am,0.0,0.0
Bliss Medical Centre Maua,4am,0.0,0.0
Bliss Medical Centre Maua,5am,0.0,0.0
Bliss Medical Centre Maua,6am,0.0,0.0
Bliss Medical Centre Maua,7am,0.0,0.0
Bliss Medical Centre Maua,8am,0.0,0.0
Bliss Medical Centre Maua,9am,19.33,6.0
Bliss Medical Centre Maua,10am,25.73,22.0
Bliss Medical Centre Maua,11am,27.43,23.0
Bliss Medical Centre Maua,12pm,24.21,29.0
Bliss Medical Centre Maua,1pm,25.15,34.0
Bliss Medical Centre Maua,2pm,47.0,19.0
Bliss Medical Centre Maua,3pm,38.05,21.0
Bliss Medical Centre Maua,4pm,57.56,39.0
Bliss Medical Centre Maua,5pm,46.9,30.0
Bliss Medical Centre Maua,6pm,47.0,12.0
Bliss Medical Centre Maua,7pm,52.0,2.0
Bliss Medical Centre Maua,8pm,0.0,0.0
Bliss Medical Centre Maua,9pm,0.0,0.0
Bliss Medical Centre Maua,10pm,0.0,0.0
Bliss Medical Centre Maua,11pm,0.0,0.0
Bliss Medical Centre Kisii 2,12am,0.0,0.0
Bliss Medical Centre Kisii 2,1am,0.0,0.0
Bliss Medical Centre Kisii 2,2am,0.0,0.0
Bliss Medical Centre Kisii 2,3am,0.0,0.0
Bliss Medical Centre Kisii 2,4am,0.0,0.0
Bliss Medical Centre Kisii 2,5am,0.0,0.0
Bliss Medical Centre Kisii 2,6am,0.0,0.0
Bliss Medical Centre Kisii 2,7am,0.0,0.0
Bliss Medical Centre Kisii 2,8am,0.0,0.0
Bliss Medical Centre Kisii 2,9am,17.74,19.0
Bliss Medical Centre Kisii 2,10am,38.86,94.0
Bliss Medical Centre Kisii 2,11am,45.78,122.0
Bliss Medical Centre Kisii 2,12pm,48.59,143.0
Bliss Medical Centre Kisii 2,1pm,54.37,143.0
Bliss Medical Centre Kisii 2,2pm,49.76,120.0
Bliss Medical Centre Kisii 2,3pm,51.09,91.0
Bliss Medical Centre Kisii 2,4pm,46.91,96.0
Bliss Medical Centre Kisii 2,5pm,53.94,69.0
Bliss Medical Centre Kisii 2,6pm,55.4,25.0
Bliss Medical Centre Kisii 2,7pm,0.0,0.0
Bliss Medical Centre Kisii 2,8pm,0.0,0.0
Bliss Medical Centre Kisii 2,9pm,0.0,0.0
Bliss Medical Centre Kisii 2,10pm,0.0,0.0
Bliss Medical Centre Kisii 2,11pm,0.0,0.0
Bliss Medical Centre Nyamira,12am,0.0,0.0
Bliss Medical Centre Nyamira,1am,0.0,0.0
Bliss Medical Centre Nyamira,2am,0.0,0.0
Bliss Medical Centre Nyamira,3am,0.0,0.0
Bliss Medical Centre Nyamira,4am,0.0,0.0
Bliss Medical Centre Nyamira,5am,0.0,0.0
Bliss Medical Centre Nyamira,6am,0.0,0.0
Bliss Medical Centre Nyamira,7am,0.0,0.0
Bliss Medical Centre Nyamira,8am,0.0,0.0
Bliss Medical Centre Nyamira,9am,23.11,9.0
Bliss Medical Centre Nyamira,10am,38.46,39.0
Bliss Medical Centre Nyamira,11am,38.97,63.0
Bliss Medical Centre Nyamira,12pm,43.8,81.0
Bliss Medical Centre Nyamira,1pm,46.92,53.0
Bliss Medical Centre Nyamira,2pm,48.18,76.0
Bliss Medical Centre Nyamira,3pm,51.18,56.0
Bliss Medical Centre Nyamira,4pm,48.92,50.0
Bliss Medical Centre Nyamira,5pm,43.24,50.0
Bliss Medical Centre Nyamira,6pm,32.4,15.0
Bliss Medical Centre Nyamira,7pm,0.0,0.0
Bliss Medical Centre Nyamira,8pm,0.0,0.0
Bliss Medical Centre Nyamira,9pm,0.0,0.0
Bliss Medical Centre Nyamira,10pm,0.0,0.0
Bliss Medical Centre Nyamira,11pm,0.0,0.0
Medicross Medical Centre Megacity,12am,0.0,0.0
Medicross Medical Centre Megacity,1am,0.0,0.0
Medicross Medical Centre Megacity,2am,0.0,0.0
Medicross Medical Centre Megacity,3am,0.0,0.0
Medicross Medical Centre Megacity,4am,0.0,0.0
Medicross Medical Centre Megacity,5am,0.0,0.0
Medicross Medical Centre Megacity,6am,0.0,0.0
Medicross Medical Centre Megacity,7am,0.0,0.0
Medicross Medical Centre Megacity,8am,0.0,0.0
Medicross Medical Centre Megacity,9am,25.75,12.0
Medicross Medical Centre Megacity,10am,42.95,40.0
Medicross Medical Centre Megacity,11am,49.52,69.0
Medicross Medical Centre Megacity,12pm,59.41,92.0
Medicross Medical Centre Megacity,1pm,70.09,47.0
Medicross Medical Centre Megacity,2pm,100.97,74.0
Medicross Medical Centre Megacity,3pm,74.27,85.0
Medicross Medical Centre Megacity,4pm,68.93,75.0
Medicross Medical Centre Megacity,5pm,63.38,61.0
Medicross Medical Centre Megacity,6pm,82.0,2.0
Medicross Medical Centre Megacity,7pm,0.0,0.0
Medicross Medical Centre Megacity,8pm,0.0,0.0
Medicross Medical Centre Megacity,9pm,0.0,0.0
Medicross Medical Centre Megacity,10pm,0.0,0.0
Medicross Medical Centre Megacity,11pm,0.0,0.0
Bliss Medical Centre Kapsabet,12am,0.0,0.0
Bliss Medical Centre Kapsabet,1am,0.0,0.0
Bliss Medical Centre Kapsabet,2am,0.0,0.0
Bliss Medical Centre Kapsabet,3am,0.0,0.0
Bliss Medical Centre Kapsabet,4am,0.0,0.0
Bliss Medical Centre Kapsabet,5am,0.0,0.0
Bliss Medical Centre Kapsabet,6am,0.0,0.0
Bliss Medical Centre Kapsabet,7am,0.0,0.0
Bliss Medical Centre Kapsabet,8am,24.57,7.0
Bliss Medical Centre Kapsabet,9am,34.19,16.0
Bliss Medical Centre Kapsabet,10am,40.79,39.0
Bliss Medical Centre Kapsabet,11am,49.43,60.0
Bliss Medical Centre Kapsabet,12pm,57.56,103.0
Bliss Medical Centre Kapsabet,1pm,61.29,97.0
Bliss Medical Centre Kapsabet,2pm,57.5,82.0
Bliss Medical Centre Kapsabet,3pm,60.72,67.0
Bliss Medical Centre Kapsabet,4pm,53.24,54.0
Bliss Medical Centre Kapsabet,5pm,47.65,54.0
Bliss Medical Centre Kapsabet,6pm,48.06,31.0
Bliss Medical Centre Kapsabet,7pm,32.52,25.0
Bliss Medical Centre Kapsabet,8pm,43.5,2.0
Bliss Medical Centre Kapsabet,9pm,0.0,0.0
Bliss Medical Centre Kapsabet,10pm,0.0,0.0
Bliss Medical Centre Kapsabet,11pm,0.0,0.0
Bliss Medical Centre Kitui,12am,0.0,0.0
Bliss Medical Centre Kitui,1am,0.0,0.0
Bliss Medical Centre Kitui,2am,0.0,0.0
Bliss Medical Centre Kitui,3am,0.0,0.0
Bliss Medical Centre Kitui,4am,0.0,0.0
Bliss Medical Centre Kitui,5am,0.0,0.0
Bliss Medical Centre Kitui,6am,0.0,0.0
Bliss Medical Centre Kitui,7am,0.0,0.0
Bliss Medical Centre Kitui,8am,26.89,9.0
Bliss Medical Centre Kitui,9am,39.59,39.0
Bliss Medical Centre Kitui,10am,55.9,70.0
Bliss Medical Centre Kitui,11am,65.67,84.0
Bliss Medical Centre Kitui,12pm,72.32,115.0
Bliss Medical Centre Kitui,1pm,88.32,97.0
Bliss Medical Centre Kitui,2pm,102.88,99.0
Bliss Medical Centre Kitui,3pm,102.91,105.0
Bliss Medical Centre Kitui,4pm,107.52,87.0
Bliss Medical Centre Kitui,5pm,100.71,97.0
Bliss Medical Centre Kitui,6pm,116.36,90.0
Bliss Medical Centre Kitui,7pm,113.71,69.0
Bliss Medical Centre Kitui,8pm,0.0,0.0
Bliss Medical Centre Kitui,9pm,0.0,0.0
Bliss Medical Centre Kitui,10pm,0.0,0.0
Bliss Medical Centre Kitui,11pm,0.0,0.0
Bliss Medical Centre Diani,12am,0.0,0.0
Bliss Medical Centre Diani,1am,0.0,0.0
Bliss Medical Centre Diani,2am,0.0,0.0
Bliss Medical Centre Diani,3am,0.0,0.0
Bliss Medical Centre Diani,4am,0.0,0.0
Bliss Medical Centre Diani,5am,0.0,0.0
Bliss Medical Centre Diani,6am,0.0,0.0
Bliss Medical Centre Diani,7am,0.0,0.0
Bliss Medical Centre Diani,8am,0.0,0.0
Bliss Medical Centre Diani,9am,21.0,3.0
Bliss Medical Centre Diani,10am,48.33,15.0
Bliss Medical Centre Diani,11am,53.04,28.0
Bliss Medical Centre Diani,12pm,51.94,33.0
Bliss Medical Centre Diani,1pm,52.1,31.0
Bliss Medical Centre Diani,2pm,98.12,17.0
Bliss Medical Centre Diani,3pm,42.09,22.0
Bliss Medical Centre Diani,4pm,36.43,14.0
Bliss Medical Centre Diani,5pm,51.56,16.0
Bliss Medical Centre Diani,6pm,47.17,12.0
Bliss Medical Centre Diani,7pm,0.0,0.0
Bliss Medical Centre Diani,8pm,0.0,0.0
Bliss Medical Centre Diani,9pm,0.0,0.0
Bliss Medical Centre Diani,10pm,0.0,0.0
Bliss Medical Centre Diani,11pm,0.0,0.0
Bliss Medical Centre Nyeri 2 Sunguest Hotel,12am,0.0,0.0
Bliss Medical Centre Nyeri 2 Sunguest Hotel,1am,0.0,0.0
Bliss Medical Centre Nyeri 2 Sunguest Hotel,2am,0.0,0.0
Bliss Medical Centre Nyeri 2 Sunguest Hotel,3am,0.0,0.0
Bliss Medical Centre Nyeri 2 Sunguest Hotel,4am,0.0,0.0
Bliss Medical Centre Nyeri 2 Sunguest Hotel,5am,0.0,0.0
Bliss Medical Centre Nyeri 2 Sunguest Hotel,6am,0.0,0.0
Bliss Medical Centre Nyeri 2 Sunguest Hotel,7am,0.0,0.0
Bliss Medical Centre Nyeri 2 Sunguest Hotel,8am,0.0,0.0
Bliss Medical Centre Nyeri 2 Sunguest Hotel,9am,25.0,8.0
Bliss Medical Centre Nyeri 2 Sunguest Hotel,10am,35.35,20.0
Bliss Medical Centre Nyeri 2 Sunguest Hotel,11am,53.34,29.0
Bliss Medical Centre Nyeri 2 Sunguest Hotel,12pm,57.63,38.0
Bliss Medical Centre Nyeri 2 Sunguest Hotel,1pm,56.11,37.0
Bliss Medical Centre Nyeri 2 Sunguest Hotel,2pm,65.59,27.0
Bliss Medical Centre Nyeri 2 Sunguest Hotel,3pm,93.0,9.0
Bliss Medical Centre Nyeri 2 Sunguest Hotel,4pm,47.24,29.0
Bliss Medical Centre Nyeri 2 Sunguest Hotel,5pm,62.44,41.0
Bliss Medical Centre Nyeri 2 Sunguest Hotel,6pm,36.6,5.0
Bliss Medical Centre Nyeri 2 Sunguest Hotel,7pm,0.0,0.0
Bliss Medical Centre Nyeri 2 Sunguest Hotel,8pm,0.0,0.0
Bliss Medical Centre Nyeri 2 Sunguest Hotel,9pm,0.0,0.0
Bliss Medical Centre Nyeri 2 Sunguest Hotel,10pm,0.0,0.0
Bliss Medical Centre Nyeri 2 Sunguest Hotel,11pm,0.0,0.0
Bliss Medical Centre Umoja,12am,0.0,0.0
Bliss Medical Centre Umoja,1am,0.0,0.0
Bliss Medical Centre Umoja,2am,0.0,0.0
Bliss Medical Centre Umoja,3am,0.0,0.0
Bliss Medical Centre Umoja,4am,0.0,0.0
Bliss Medical Centre Umoja,5am,0.0,0.0
Bliss Medical Centre Umoja,6am,0.0,0.0
Bliss Medical Centre Umoja,7am,0.0,0.0
Bliss Medical Centre Umoja,8am,0.0,0.0
Bliss Medical Centre Umoja,9am,24.9,10.0
Bliss Medical Centre Umoja,10am,34.08,51.0
Bliss Medical Centre Umoja,11am,43.79,78.0
Bliss Medical Centre Umoja,12pm,51.1,72.0
Bliss Medical Centre Umoja,1pm,52.2,81.0
Bliss Medical Centre Umoja,2pm,63.64,76.0
Bliss Medical Centre Umoja,3pm,58.51,87.0
Bliss Medical Centre Umoja,4pm,44.38,68.0
Bliss Medical Centre Umoja,5pm,77.45,82.0
Bliss Medical Centre Umoja,6pm,59.34,38.0
Bliss Medical Centre Umoja,7pm,56.0,1.0
Bliss Medical Centre Umoja,8pm,0.0,0.0
Bliss Medical Centre Umoja,9pm,0.0,0.0
Bliss Medical Centre Umoja,10pm,0.0,0.0
Bliss Medical Centre Umoja,11pm,0.0,0.0
Bliss Medical Centre Emali,12am,0.0,0.0
Bliss Medical Centre Emali,1am,0.0,0.0
Bliss Medical Centre Emali,2am,0.0,0.0
Bliss Medical Centre Emali,3am,0.0,0.0
Bliss Medical Centre Emali,4am,0.0,0.0
Bliss Medical Centre Emali,5am,0.0,0.0
Bliss Medical Centre Emali,6am,0.0,0.0
Bliss Medical Centre Emali,7am,0.0,0.0
Bliss Medical Centre Emali,8am,0.0,0.0
Bliss Medical Centre Emali,9am,22.0,17.0
Bliss Medical Centre Emali,10am,39.93,61.0
Bliss Medical Centre Emali,11am,37.99,81.0
Bliss Medical Centre Emali,12pm,40.44,85.0
Bliss Medical Centre Emali,1pm,50.57,77.0
Bliss Medical Centre Emali,2pm,56.0,53.0
Bliss Medical Centre Emali,3pm,47.74,57.0
Bliss Medical Centre Emali,4pm,50.87,55.0
Bliss Medical Centre Emali,5pm,45.18,55.0
Bliss Medical Centre Emali,6pm,27.91,11.0
Bliss Medical Centre Emali,7pm,0.0,0.0
Bliss Medical Centre Emali,8pm,0.0,0.0
Bliss Medical Centre Emali,9pm,0.0,0.0
Bliss Medical Centre Emali,10pm,0.0,0.0
Bliss Medical Centre Emali,11pm,0.0,0.0
Bliss Medical Centre Kakuma,12am,0.0,0.0
Bliss Medical Centre Kakuma,1am,0.0,0.0
Bliss Medical Centre Kakuma,2am,0.0,0.0
Bliss Medical Centre Kakuma,3am,0.0,0.0
Bliss Medical Centre Kakuma,4am,0.0,0.0
Bliss Medical Centre Kakuma,5am,0.0,0.0
Bliss Medical Centre Kakuma,6am,0.0,0.0
Bliss Medical Centre Kakuma,7am,0.0,0.0
Bliss Medical Centre Kakuma,8am,0.0,0.0
Bliss Medical Centre Kakuma,9am,20.0,7.0
Bliss Medical Centre Kakuma,10am,46.81,42.0
Bliss Medical Centre Kakuma,11am,60.11,35.0
Bliss Medical Centre Kakuma,12pm,60.38,47.0
Bliss Medical Centre Kakuma,1pm,78.88,34.0
Bliss Medical Centre Kakuma,2pm,46.0,19.0
Bliss Medical Centre Kakuma,3pm,56.8,20.0
Bliss Medical Centre Kakuma,4pm,59.6,35.0
Bliss Medical Centre Kakuma,5pm,49.93,55.0
Bliss Medical Centre Kakuma,6pm,59.26,34.0
Bliss Medical Centre Kakuma,7pm,119.0,4.0
Bliss Medical Centre Kakuma,8pm,0.0,0.0
Bliss Medical Centre Kakuma,9pm,0.0,0.0
Bliss Medical Centre Kakuma,10pm,0.0,0.0
Bliss Medical Centre Kakuma,11pm,0.0,0.0
BMC-Freedom Heights,12am,0.0,0.0
BMC-Freedom Heights,1am,0.0,0.0
BMC-Freedom Heights,2am,0.0,0.0
BMC-Freedom Heights,3am,0.0,0.0
BMC-Freedom Heights,4am,0.0,0.0
BMC-Freedom Heights,5am,0.0,0.0
BMC-Freedom Heights,6am,0.0,0.0
BMC-Freedom Heights,7am,0.0,0.0
BMC-Freedom Heights,8am,0.0,0.0
BMC-Freedom Heights,9am,45.0,4.0
BMC-Freedom Heights,10am,37.06,16.0
BMC-Freedom Heights,11am,51.12,33.0
BMC-Freedom Heights,12pm,47.65,20.0
BMC-Freedom Heights,1pm,43.03,33.0
BMC-Freedom Heights,2pm,48.75,16.0
BMC-Freedom Heights,3pm,56.78,32.0
BMC-Freedom Heights,4pm,43.92,24.0
BMC-Freedom Heights,5pm,38.83,29.0
BMC-Freedom Heights,6pm,33.5,6.0
BMC-Freedom Heights,7pm,0.0,0.0
BMC-Freedom Heights,8pm,0.0,0.0
BMC-Freedom Heights,9pm,0.0,0.0
BMC-Freedom Heights,10pm,0.0,0.0
BMC-Freedom Heights,11pm,0.0,0.0
Bliss Medical Centre Haille Selasie 2,12am,0.0,0.0
Bliss Medical Centre Haille Selasie 2,1am,0.0,0.0
Bliss Medical Centre Haille Selasie 2,2am,0.0,0.0
Bliss Medical Centre Haille Selasie 2,3am,0.0,0.0
Bliss Medical Centre Haille Selasie 2,4am,0.0,0.0
Bliss Medical Centre Haille Selasie 2,5am,0.0,0.0
Bliss Medical Centre Haille Selasie 2,6am,0.0,0.0
Bliss Medical Centre Haille Selasie 2,7am,0.0,0.0
Bliss Medical Centre Haille Selasie 2,8am,0.0,0.0
Bliss Medical Centre Haille Selasie 2,9am,23.0,5.0
Bliss Medical Centre Haille Selasie 2,10am,26.05,19.0
Bliss Medical Centre Haille Selasie 2,11am,32.0,17.0
Bliss Medical Centre Haille Selasie 2,12pm,34.41,37.0
Bliss Medical Centre Haille Selasie 2,1pm,40.21,24.0
Bliss Medical Centre Haille Selasie 2,2pm,48.68,19.0
Bliss Medical Centre Haille Selasie 2,3pm,39.35,23.0
Bliss Medical Centre Haille Selasie 2,4pm,33.17,29.0
Bliss Medical Centre Haille Selasie 2,5pm,64.65,26.0
Bliss Medical Centre Haille Selasie 2,6pm,30.0,2.0
Bliss Medical Centre Haille Selasie 2,7pm,0.0,0.0
Bliss Medical Centre Haille Selasie 2,8pm,0.0,0.0
Bliss Medical Centre Haille Selasie 2,9pm,0.0,0.0
Bliss Medical Centre Haille Selasie 2,10pm,0.0,0.0
Bliss Medical Centre Haille Selasie 2,11pm,0.0,0.0
Bliss Medical Centre Naivasha,12am,0.0,0.0
Bliss Medical Centre Naivasha,1am,0.0,0.0
Bliss Medical Centre Naivasha,2am,0.0,0.0
Bliss Medical Centre Naivasha,3am,0.0,0.0
Bliss Medical Centre Naivasha,4am,0.0,0.0
Bliss Medical Centre Naivasha,5am,0.0,0.0
Bliss Medical Centre Naivasha,6am,0.0,0.0
Bliss Medical Centre Naivasha,7am,0.0,0.0
Bliss Medical Centre Naivasha,8am,0.0,0.0
Bliss Medical Centre Naivasha,9am,22.52,23.0
Bliss Medical Centre Naivasha,10am,30.82,89.0
Bliss Medical Centre Naivasha,11am,39.14,109.0
Bliss Medical Centre Naivasha,12pm,49.34,137.0
Bliss Medical Centre Naivasha,1pm,44.29,112.0
Bliss Medical Centre Naivasha,2pm,46.97,88.0
Bliss Medical Centre Naivasha,3pm,40.48,109.0
Bliss Medical Centre Naivasha,4pm,54.25,85.0
Bliss Medical Centre Naivasha,5pm,42.06,89.0
Bliss Medical Centre Naivasha,6pm,31.67,30.0
Bliss Medical Centre Naivasha,7pm,0.0,0.0
Bliss Medical Centre Naivasha,8pm,0.0,0.0
Bliss Medical Centre Naivasha,9pm,0.0,0.0
Bliss Medical Centre Naivasha,10pm,0.0,0.0
Bliss Medical Centre Naivasha,11pm,0.0,0.0
Medicross Medical Centre Narok,12am,0.0,0.0
Medicross Medical Centre Narok,1am,0.0,0.0
Medicross Medical Centre Narok,2am,0.0,0.0
Medicross Medical Centre Narok,3am,0.0,0.0
Medicross Medical Centre Narok,4am,0.0,0.0
Medicross Medical Centre Narok,5am,0.0,0.0
Medicross Medical Centre Narok,6am,0.0,0.0
Medicross Medical Centre Narok,7am,0.0,0.0
Medicross Medical Centre Narok,8am,0.0,0.0
Medicross Medical Centre Narok,9am,17.14,14.0
Medicross Medical Centre Narok,10am,24.88,56.0
Medicross Medical Centre Narok,11am,29.25,83.0
Medicross Medical Centre Narok,12pm,34.22,69.0
Medicross Medical Centre Narok,1pm,44.95,74.0
Medicross Medical Centre Narok,2pm,48.06,48.0
Medicross Medical Centre Narok,3pm,63.99,70.0
Medicross Medical Centre Narok,4pm,52.79,81.0
Medicross Medical Centre Narok,5pm,79.98,59.0
Medicross Medical Centre Narok,6pm,76.08,13.0
Medicross Medical Centre Narok,7pm,0.0,0.0
Medicross Medical Centre Narok,8pm,0.0,0.0
Medicross Medical Centre Narok,9pm,0.0,0.0
Medicross Medical Centre Narok,10pm,0.0,0.0
Medicross Medical Centre Narok,11pm,0.0,0.0
Bliss Medical Centre Maralal,12am,0.0,0.0
Bliss Medical Centre Maralal,1am,0.0,0.0
Bliss Medical Centre Maralal,2am,0.0,0.0
Bliss Medical Centre Maralal,3am,0.0,0.0
Bliss Medical Centre Maralal,4am,0.0,0.0
Bliss Medical Centre Maralal,5am,0.0,0.0
Bliss Medical Centre Maralal,6am,0.0,0.0
Bliss Medical Centre Maralal,7am,0.0,0.0
Bliss Medical Centre Maralal,8am,0.0,0.0
Bliss Medical Centre Maralal,9am,24.75,20.0
Bliss Medical Centre Maralal,10am,38.91,89.0
Bliss Medical Centre Maralal,11am,49.07,103.0
Bliss Medical Centre Maralal,12pm,51.56,103.0
Bliss Medical Centre Maralal,1pm,57.97,99.0
Bliss Medical Centre Maralal,2pm,74.22,104.0
Bliss Medical Centre Maralal,3pm,63.24,99.0
Bliss Medical Centre Maralal,4pm,53.65,82.0
Bliss Medical Centre Maralal,5pm,50.89,103.0
Bliss Medical Centre Maralal,6pm,48.75,51.0
Bliss Medical Centre Maralal,7pm,63.0,2.0
Bliss Medical Centre Maralal,8pm,0.0,0.0
Bliss Medical Centre Maralal,9pm,0.0,0.0
Bliss Medical Centre Maralal,10pm,0.0,0.0
Bliss Medical Centre Maralal,11pm,0.0,0.0
Bliss Medical Centre Kapenguria,12am,0.0,0.0
Bliss Medical Centre Kapenguria,1am,0.0,0.0
Bliss Medical Centre Kapenguria,2am,0.0,0.0
Bliss Medical Centre Kapenguria,3am,0.0,0.0
Bliss Medical Centre Kapenguria,4am,0.0,0.0
Bliss Medical Centre Kapenguria,5am,0.0,0.0
Bliss Medical Centre Kapenguria,6am,0.0,0.0
Bliss Medical Centre Kapenguria,7am,0.0,0.0
Bliss Medical Centre Kapenguria,8am,20.4,5.0
Bliss Medical Centre Kapenguria,9am,26.89,27.0
Bliss Medical Centre Kapenguria,10am,32.15,61.0
Bliss Medical Centre Kapenguria,11am,33.5,108.0
Bliss Medical Centre Kapenguria,12pm,35.54,125.0
Bliss Medical Centre Kapenguria,1pm,37.79,115.0
Bliss Medical Centre Kapenguria,2pm,34.44,77.0
Bliss Medical Centre Kapenguria,3pm,40.81,89.0
Bliss Medical Centre Kapenguria,4pm,34.3,92.0
Bliss Medical Centre Kapenguria,5pm,44.73,96.0
Bliss Medical Centre Kapenguria,6pm,32.46,41.0
Bliss Medical Centre Kapenguria,7pm,55.53,15.0
Bliss Medical Centre Kapenguria,8pm,16.0,1.0
Bliss Medical Centre Kapenguria,9pm,0.0,0.0
Bliss Medical Centre Kapenguria,10pm,0.0,0.0
Bliss Medical Centre Kapenguria,11pm,0.0,0.0
Bliss Medical Centre Eldoret A,12am,0.0,0.0
Bliss Medical Centre Eldoret A,1am,0.0,0.0
Bliss Medical Centre Eldoret A,2am,0.0,0.0
Bliss Medical Centre Eldoret A,3am,0.0,0.0
Bliss Medical Centre Eldoret A,4am,0.0,0.0
Bliss Medical Centre Eldoret A,5am,0.0,0.0
Bliss Medical Centre Eldoret A,6am,0.0,0.0
Bliss Medical Centre Eldoret A,7am,0.0,0.0
Bliss Medical Centre Eldoret A,8am,0.0,0.0
Bliss Medical Centre Eldoret A,9am,20.77,13.0
Bliss Medical Centre Eldoret A,10am,24.04,27.0
Bliss Medical Centre Eldoret A,11am,34.74,35.0
Bliss Medical Centre Eldoret A,12pm,30.42,43.0
Bliss Medical Centre Eldoret A,1pm,35.04,45.0
Bliss Medical Centre Eldoret A,2pm,37.15,33.0
Bliss Medical Centre Eldoret A,3pm,26.71,17.0
Bliss Medical Centre Eldoret A,4pm,32.74,23.0
Bliss Medical Centre Eldoret A,5pm,26.41,32.0
Bliss Medical Centre Eldoret A,6pm,12.67,3.0
Bliss Medical Centre Eldoret A,7pm,0.0,0.0
Bliss Medical Centre Eldoret A,8pm,0.0,0.0
Bliss Medical Centre Eldoret A,9pm,0.0,0.0
Bliss Medical Centre Eldoret A,10pm,0.0,0.0
Bliss Medical Centre Eldoret A,11pm,0.0,0.0
Bliss Medical Centre Mbale,12am,0.0,0.0
Bliss Medical Centre Mbale,1am,0.0,0.0
Bliss Medical Centre Mbale,2am,0.0,0.0
Bliss Medical Centre Mbale,3am,0.0,0.0
Bliss Medical Centre Mbale,4am,0.0,0.0
Bliss Medical Centre Mbale,5am,0.0,0.0
Bliss Medical Centre Mbale,6am,0.0,0.0
Bliss Medical Centre Mbale,7am,0.0,0.0
Bliss Medical Centre Mbale,8am,0.0,0.0
Bliss Medical Centre Mbale,9am,30.37,19.0
Bliss Medical Centre Mbale,10am,49.68,68.0
Bliss Medical Centre Mbale,11am,48.63,102.0
Bliss Medical Centre Mbale,12pm,58.98,120.0
Bliss Medical Centre Mbale,1pm,64.87,123.0
Bliss Medical Centre Mbale,2pm,71.32,75.0
Bliss Medical Centre Mbale,3pm,79.31,105.0
Bliss Medical Centre Mbale,4pm,67.01,71.0
Bliss Medical Centre Mbale,5pm,77.11,53.0
Bliss Medical Centre Mbale,6pm,68.33,52.0
Bliss Medical Centre Mbale,7pm,40.46,13.0
Bliss Medical Centre Mbale,8pm,0.0,0.0
Bliss Medical Centre Mbale,9pm,0.0,0.0
Bliss Medical Centre Mbale,10pm,0.0,0.0
Bliss Medical Centre Mbale,11pm,0.0,0.0
Medicross Medical Centre Mumias,12am,0.0,0.0
Medicross Medical Centre Mumias,1am,0.0,0.0
Medicross Medical Centre Mumias,2am,0.0,0.0
Medicross Medical Centre Mumias,3am,0.0,0.0
Medicross Medical Centre Mumias,4am,0.0,0.0
Medicross Medical Centre Mumias,5am,0.0,0.0
Medicross Medical Centre Mumias,6am,0.0,0.0
Medicross Medical Centre Mumias,7am,0.0,0.0
Medicross Medical Centre Mumias,8am,30.22,9.0
Medicross Medical Centre Mumias,9am,38.92,51.0
Medicross Medical Centre Mumias,10am,43.84,107.0
Medicross Medical Centre Mumias,11am,57.31,148.0
Medicross Medical Centre Mumias,12pm,67.08,191.0
Medicross Medical Centre Mumias,1pm,70.63,197.0
Medicross Medical Centre Mumias,2pm,80.98,159.0
Medicross Medical Centre Mumias,3pm,82.18,185.0
Medicross Medical Centre Mumias,4pm,66.53,163.0
Medicross Medical Centre Mumias,5pm,55.58,118.0
Medicross Medical Centre Mumias,6pm,59.36,103.0
Medicross Medical Centre Mumias,7pm,56.94,17.0
Medicross Medical Centre Mumias,8pm,0.0,0.0
Medicross Medical Centre Mumias,9pm,0.0,0.0
Medicross Medical Centre Mumias,10pm,0.0,0.0
Medicross Medical Centre Mumias,11pm,0.0,0.0
